0,0,-68,-31,-
1,1,-68,-31,-
2,2,-69,-30,-
3,3,-69,-29,-
4,4,-69,-29,-
5,5,-70,-28,-
6,6,-70,-27,-
7,7,-70,-27,-
8,8,-70,-26,-
9,9,-71,-25,-
10,10,-71,-24,-
11,11,-71,-23,-
12,12,-72,-22,-
13,13,-72,-21,-
14,14,-72,-20,-
15,15,-73,-18,-
16,16,-73,-17,-
17,17,-73,-16,-
18,18,-74,-15,-
19,19,-74,-14,-
20,20,-74,-12,-
21,21,-74,-11,-
22,22,-74,-10,-
23,23,-74,-9,-
24,24,-75,-8,-
25,25,-75,-7,-
26,26,-75,-7,-
27,27,-75,-4,-
28,28,-75,3,-
29,29,-74,11,-
30,30,-49,2,-
31,31,-49,1,-
32,32,-49,1,-
33,33,-49,0,-
34,34,-50,-1,-
35,35,-51,-4,-
36,36,-52,-7,-
37,37,-54,-11,-
38,38,-56,-16,-
39,39,-57,-21,-
40,40,-59,-27,-
41,41,-60,-32,-
42,42,-62,-36,-
43,43,-62,-39,-
44,44,-62,-42,-
45,45,-61,-43,-
46,46,-61,-44,-
47,47,-61,-44,-
48,48,-61,-44,-
49,49,-61,-44,-
50,50,-62,-43,-
51,51,-62,-42,-
52,52,-63,-39,-
53,53,-62,-36,-
54,54,-61,-31,-
55,55,-59,-26,-
56,56,-57,-20,-
57,57,-55,-14,-
58,58,-52,-6,-
59,59,-48,4,-
60,60,-42,14,-
61,61,-33,26,-
62,62,-21,37,-
63,63,-6,45,-
64,64,8,51,-
65,65,23,55,-
66,66,-64,7,-
67,67,-59,7,-
68,68,-51,-13,-
69,69,-41,-21,-
70,70,-31,-35,-
71,71,-22,-49,-
72,72,-16,-62,-
73,73,-12,-64,-
74,74,-12,-64,-
75,75,-37,-54,-
76,76,-29,-58,A
77,77,-22,-61,A
78,78,-18,-63,A
79,79,-39,-52,A
80,80,-35,-55,A
81,81,-31,-57,-
82,82,-27,-59,-
83,83,-23,-61,-
84,84,-20,-62,-
85,85,-17,-63,-
86,86,-15,-63,-
87,87,-13,-64,-
88,88,-11,-64,-
89,89,-10,-64,-
90,90,-8,-64,-
91,91,-7,-64,-
92,92,-22,-61,-
93,93,-24,-60,-
94,94,5,-52,-
95,95,6,-55,-
96,96,7,-58,-
97,97,8,-62,-
98,98,9,-64,-
99,99,10,-64,-
100,100,11,-64,-
101,101,-18,62,-
102,102,-17,63,-
103,103,-17,63,-
104,104,-34,32,-
105,105,-35,30,-
106,106,-37,28,-
107,107,-40,26,-
108,108,-43,24,-
109,109,-45,23,-
110,110,-47,22,-
111,111,-49,21,-
112,112,-53,15,-
113,113,-57,9,-
114,114,-59,4,-
115,115,26,76,-
116,116,21,77,-
117,117,17,78,-
118,118,15,79,-
119,119,14,79,-
120,120,14,79,-
121,121,13,79,-
122,122,12,79,-
123,123,10,79,-
124,124,7,80,-
125,125,4,80,-
126,126,1,80,-
127,127,-3,80,-
128,128,-7,80,-
129,129,-12,79,-
130,130,-16,78,-
131,131,-20,77,-
132,132,-23,77,-
133,133,-25,71,-
134,134,-27,68,Z
135,135,-27,68,-
136,136,-3,-80,-
137,137,-3,-80,-
138,138,-3,-80,-
139,139,-3,-80,-
140,140,-2,-80,-
141,141,-1,-80,-
142,142,0,-80,-
143,143,1,-80,-
144,144,3,-80,-
145,145,5,-80,-
146,146,8,-80,-
147,147,12,-79,-
148,148,16,-78,-
149,149,20,-78,-
150,150,24,-76,-
151,151,29,-74,-
152,152,34,-72,-
153,153,39,-70,-
154,154,45,-66,-
155,155,51,-62,-
156,156,56,-57,-
157,157,58,-56,-
158,158,55,-58,-
159,159,51,-62,-
160,160,47,-65,-
161,161,43,-68,-
162,162,39,-70,-
163,163,35,-72,-
164,164,30,-74,-
165,165,26,-76,-
166,166,34,-72,-
167,167,41,-69,-
168,168,39,-70,-
169,169,46,-66,-
170,170,47,-65,-
171,171,48,-64,-
172,172,48,-64,-
173,173,47,-65,-
174,174,45,-66,-
175,175,42,-68,-
176,176,38,-71,-
177,177,42,-68,-
178,178,45,-66,-
179,179,49,-63,-
180,180,51,-62,-
181,181,48,-64,-
182,182,45,-66,-
183,183,40,-69,-
184,184,35,-72,-
185,185,36,-71,-
186,186,37,-71,-
187,187,37,-71,-
188,188,38,-71,-
189,189,38,-70,-
190,190,38,-70,-
191,191,38,-70,-
192,192,36,-71,-
193,193,32,-73,-
194,194,29,-75,-
195,195,25,-76,-
196,196,21,-77,-
197,197,17,-78,-
198,198,14,-79,-
199,199,11,-79,-
200,200,9,-80,-
201,201,7,-80,-
202,202,5,-80,-
203,203,4,-80,-
204,204,2,-80,-
205,205,2,-80,-
206,206,1,-80,-
207,207,0,-80,-
208,208,0,-80,-
209,209,0,-80,-
210,210,0,-80,-
211,211,0,-80,-
212,212,0,-80,-
213,213,1,-80,-
214,214,2,-80,-
215,215,3,-80,-
216,216,4,-80,-
217,217,6,-80,-
218,218,8,-80,-
219,219,10,-79,-
220,220,12,-79,-
221,221,15,-79,-
222,222,18,-78,-
223,223,21,-77,-
224,224,25,-76,-
225,225,29,-75,-
226,226,33,-73,-
227,227,38,-71,-
228,228,42,-68,-
229,229,47,-65,-
230,230,52,-61,-
231,231,57,-57,-
232,232,61,-52,-
233,233,65,-47,-
234,234,65,-46,-
235,235,66,-45,-
236,236,68,-43,-
237,237,69,-40,-
238,238,68,-42,-
239,239,67,-44,-
240,240,65,-46,-
241,241,66,-45,-
242,242,66,-45,-
243,243,66,-45,-
244,244,67,-43,-
245,245,69,-40,-
246,246,71,-37,-
247,247,72,-34,-
248,248,73,-32,-
249,249,74,-30,-
250,250,75,-29,-
251,251,75,-28,-
252,252,75,-28,-
253,253,75,-28,-
254,254,75,-28,-
255,255,75,-28,-
256,256,68,-42,-
257,257,68,-43,-
258,258,67,-44,-
259,259,66,-45,-
260,260,65,-46,-
261,261,60,-53,-
262,262,55,-58,-
263,263,50,-63,-
264,264,45,-66,-
265,265,45,-66,-
266,266,46,-65,-
267,267,47,-65,-
268,268,47,-65,-
269,269,46,-66,-
270,270,43,-68,-
271,271,39,-70,-
272,272,36,-72,-
273,273,32,-73,-
274,274,28,-75,-
275,275,24,-76,-
276,276,21,-77,-
277,277,17,-78,-
278,278,13,-79,-
279,279,10,-79,-
280,280,6,-80,-
281,281,3,-80,-
282,282,0,-80,-
283,283,-3,-80,-
284,284,-5,-80,-
285,285,-7,-80,-
286,286,-9,-80,-
287,287,-10,-79,-
288,288,-11,-79,-
289,289,-13,-79,-
290,290,-12,-79,-
291,291,-11,-79,-
292,292,-11,-79,-
293,293,-11,-79,-
294,294,-12,-79,-
295,295,-13,-79,-
296,296,-13,-79,-
297,297,-14,-79,-
298,298,-12,-79,-
299,299,-10,-79,-
300,300,-7,-80,-
301,301,-4,-80,-
302,302,-1,-80,-
303,303,0,-80,-
304,304,1,-80,-
305,305,3,-80,-
306,306,4,-80,-
307,307,6,-80,-
308,308,9,-80,-
309,309,11,-79,-
310,310,14,-79,-
311,311,0,0,-
312,312,0,0,-
313,313,0,0,-
314,314,0,0,-
