scenario,event,poll,timer,mAction,mActionTimer,mX,mY,mZ,mVelY,mForwardVel,mWall,mFloorObject,mFloorHeight,mPlatform,mInput,mSquishTimer,mQuicksandDepth,hand,action,actionTimer,health,received,interactStatus,posX,posY,posZ,faceYaw,velY,gravity,moveFlags,collision,activeFlags,groundCollision,mesh,handTopY,postFrameMarioAboveHandTop,handTopAtOrBelowPostFrameMario,preQueryFloorMinusMario,preQueryFloorWithin78AboveMario,localXWorld,localZWorld,localXMesh,localZMesh,insideOpenTopXZ,sameHandFloor,sameHandPlatform
nonlethal_long_jump5,fixture_pose,479,478,03000888,0,-500.000,-1434.000,-3293.000,-2.000,5.000,00000000,00000000,-1534.000,00000000,0020,0,0.000,80342088,3,0,4,0,00000000,-500.000,-1534.000,-3393.000,0,0.000,0.000,00000080,80123658,0101,0,open,-1027.000,-407.000,false,507.000,false,0.000,100.000,0.000,66.667,false,false,false
nonlethal_long_jump5,retail_interaction_and_low_speed_wall,480,479,03000888,0,-500.000,-1354.000,-3266.000,28.000,0.000,80195600,00000000,-1534.000,00000000,0020,0,0.000,80342088,3,1,4,0,0000c003,-500.000,-1534.000,-3393.000,0,0.000,0.000,00000080,80123658,0101,0,open,-1027.000,-327.000,false,407.000,false,0.000,127.000,0.000,84.667,false,false,false
nonlethal_long_jump5,retail_attack_latch,481,480,03000888,0,-500.000,-1326.000,-3266.000,26.000,0.000,80195600,00000000,-1534.000,00000000,0024,0,0.000,80342088,3,2,4,3,00000000,-500.000,-1534.000,-3393.000,0,0.000,0.000,00000080,80123658,0101,0,open,-1027.000,-299.000,false,327.000,false,0.000,127.000,0.000,84.667,false,false,false
nonlethal_long_jump5,retail_nonlethal_response,482,481,03000888,0,-500.000,-1300.000,-3266.000,24.000,0.000,80195600,00000000,-1534.000,00000000,0024,0,0.000,80342088,12,0,3,0,00000000,-500.000,-1508.000,-3393.000,0,26.000,-4.000,00000080,80123658,0101,0,open,-1001.000,-299.000,false,325.000,false,0.000,127.000,0.000,84.667,false,false,false
nonlethal_long_jump5,open_top_ledge_reboard,495,494,0800034b,0,-500.000,-1027.000,-3326.000,-2.000,0.000,00000000,80342088,-1027.000,80342088,0024,0,0.000,80342088,12,13,3,0,00000000,-500.000,-1534.000,-3393.000,0,-26.000,-4.000,00000080,80123658,0101,0,open,-1027.000,0.000,true,117.000,false,0.000,67.000,0.000,44.667,true,true,true
nonlethal_long_jump5,next_frame_hand_grounded,496,495,0800034b,1,-500.000,-1027.000,-3326.000,0.000,0.000,00000000,80342088,-1027.000,80342088,0020,0,0.000,80342088,12,14,3,0,00000000,-500.000,-1534.000,-3393.000,0,-0.000,-4.000,00000001,80123658,0101,1,open,-1027.000,0.000,true,0.000,true,0.000,67.000,0.000,44.667,true,true,true
nonlethal_long_jump5,recovery_closed_mesh_swap,507,506,010208b6,0,-500.000,-1127.000,-3258.000,-4.000,-8.000,00000000,80342088,-1228.000,00000000,0024,0,0.000,80342088,13,0,3,0,00000000,-500.000,-1534.000,-3393.000,0,-0.000,-4.000,00000002,801235d4,0101,1,closed_or_other,-1228.000,101.000,true,-201.000,false,0.000,135.000,0.000,90.000,false,true,false
nonlethal_long_jump5,closed_top_reacquired,514,513,04000471,0,-500.000,-1228.000,-3204.000,-32.000,-8.000,00000000,80342088,-1228.000,80342088,0020,0,0.000,80342088,13,7,3,0,00000000,-500.000,-1534.000,-3393.000,0,-0.000,-4.000,00000002,801235d4,0101,1,closed_or_other,-1228.000,0.000,true,-17.000,false,0.000,189.000,0.000,126.000,false,true,true
nonlethal_long_jump5,later_same_hand_lift_peak,540,539,0c400201,0,-500.000,-928.000,-3180.000,0.000,0.000,00000000,80342088,-928.000,80342088,0020,0,0.000,80342088,7,0,3,0,00000000,-500.000,-1234.000,-3393.000,0,0.000,0.000,00000080,801235d4,0101,0,closed_or_other,-928.000,0.000,true,20.000,true,0.000,213.000,0.000,142.000,false,true,true
lethal_long_jump5,fixture_pose,479,478,03000888,0,-500.000,-1434.000,-3293.000,-2.000,5.000,00000000,00000000,-1534.000,00000000,0020,0,0.000,80342088,3,0,2,0,00000000,-500.000,-1534.000,-3393.000,0,0.000,0.000,00000080,80123658,0101,0,open,-1027.000,-407.000,false,507.000,false,0.000,100.000,0.000,66.667,false,false,false
lethal_long_jump5,retail_interaction_and_low_speed_wall,480,479,03000888,0,-500.000,-1354.000,-3266.000,28.000,0.000,80195600,00000000,-1534.000,00000000,0020,0,0.000,80342088,3,1,2,0,0000c003,-500.000,-1534.000,-3393.000,0,0.000,0.000,00000080,80123658,0101,0,open,-1027.000,-327.000,false,407.000,false,0.000,127.000,0.000,84.667,false,false,false
lethal_long_jump5,retail_attack_latch,481,480,03000888,0,-500.000,-1326.000,-3266.000,26.000,0.000,80195600,00000000,-1534.000,00000000,0024,0,0.000,80342088,3,2,2,3,00000000,-500.000,-1534.000,-3393.000,0,0.000,0.000,00000080,80123658,0101,0,open,-1027.000,-299.000,false,327.000,false,0.000,127.000,0.000,84.667,false,false,false
lethal_long_jump5,retail_lethal_response,482,481,03000888,0,-500.000,-1300.000,-3266.000,24.000,0.000,80195600,00000000,-1534.000,00000000,0024,0,0.000,80342088,15,0,1,0,00000000,-500.000,-1488.000,-3393.000,0,46.000,-4.000,00000080,80123658,0101,0,open,-981.000,-319.000,false,345.000,false,0.000,127.000,0.000,84.667,false,false,false
lethal_long_jump5,before_second_hit_from_above,495,494,03000888,0,-500.000,-1144.000,-3266.000,-2.000,0.000,80195630,00000000,-1534.000,00000000,0024,0,0.000,80342088,15,13,1,0,00000000,-500.000,-1254.000,-3393.000,0,-6.000,-4.000,00000080,80123658,0101,0,open,-747.000,-397.000,false,397.000,false,0.000,127.000,0.000,84.667,false,false,false
lethal_long_jump5,after_second_hit_from_above,496,495,03000888,0,-500.000,-1084.000,-3266.000,28.000,0.000,80195600,00000000,-1534.000,00000000,0024,0,0.000,80342088,15,14,1,0,0000c003,-500.000,-1264.000,-3393.000,0,-10.000,-4.000,00000080,80123658,0101,0,open,-757.000,-327.000,false,387.000,false,0.000,127.000,0.000,84.667,false,false,false
lethal_long_jump5,pre_query_gap_63_xz_blocked,502,501,03000888,0,-500.000,-946.000,-3266.000,16.000,0.000,00000000,00000000,-1534.000,00000000,0024,0,0.000,80342088,15,20,1,0,00000000,-500.000,-1408.000,-3393.000,0,-34.000,-4.000,00000080,80123658,0101,0,open,-901.000,-45.000,false,63.000,true,0.000,127.000,0.000,84.667,false,false,false
lethal_long_jump5,pre_query_gap_7_xz_blocked,503,502,03000888,0,-500.000,-930.000,-3266.000,14.000,0.000,00000000,00000000,-1534.000,00000000,0024,0,0.000,80342088,15,21,1,0,00000000,-500.000,-1446.000,-3393.000,0,-38.000,-4.000,00000080,80123658,0101,0,open,-939.000,9.000,true,7.000,true,0.000,127.000,0.000,84.667,false,false,false
lethal_long_jump5,final_live_before_deletion,521,520,03000888,0,-500.000,-984.000,-3266.000,-22.000,0.000,00000000,00000000,-1534.000,00000000,0024,0,0.000,80342088,15,39,1,0,00000000,-500.000,-1534.000,-3393.000,0,-0.000,-4.000,00000002,80123658,0101,1,open,-1027.000,43.000,true,-63.000,false,0.000,127.000,0.000,84.667,false,false,false
nonlethal_slide_kick5,fixture_pose,479,478,018008aa,7,-500.000,-1434.000,-3293.000,-2.000,5.000,00000000,00000000,-1534.000,00000000,0020,0,0.000,80342088,3,0,4,0,00000000,-500.000,-1534.000,-3393.000,0,0.000,0.000,00000080,80123658,0101,0,open,-1027.000,-407.000,false,507.000,false,0.000,100.000,0.000,66.667,false,false,false
nonlethal_slide_kick5,first_wall_exit_and_retail_interaction,480,479,010208b0,0,-500.000,-1436.000,-3266.000,-4.000,4.650,80195630,00000000,-1534.000,00000000,0020,0,0.000,80342088,3,1,4,0,0000c005,-500.000,-1534.000,-3393.000,0,0.000,0.000,00000080,80123658,0101,0,open,-1027.000,-409.000,false,407.000,false,0.000,127.000,0.000,84.667,false,false,false
nonlethal_slide_kick5,retail_attack_latch_and_bounce,481,480,010208b0,0,-500.000,-1354.000,-3250.000,26.000,-16.000,00000000,00000000,-1534.000,00000000,0020,0,0.000,80342088,3,2,4,5,0000c003,-500.000,-1534.000,-3393.000,0,0.000,0.000,00000080,80123658,0101,0,open,-1027.000,-327.000,false,409.000,false,0.000,143.000,0.000,95.333,false,false,false
nonlethal_slide_kick5,retail_nonlethal_response,482,481,010208b0,0,-500.000,-1328.000,-3234.000,22.000,-16.000,00000000,00000000,-1534.000,00000000,0024,0,0.000,80342088,12,0,3,3,00000000,-500.000,-1508.000,-3393.000,0,26.000,-4.000,00000080,80123658,0101,0,open,-1001.000,-327.000,false,353.000,false,0.000,159.000,0.000,106.000,false,false,false
nonlethal_slide_kick5,arena_landing_no_reboard,500,499,00020462,0,-500.000,-1534.000,-2946.000,-50.000,-16.000,00000000,00000000,-1534.000,00000000,0020,0,0.000,80342088,12,18,3,0,00000000,-500.000,-1534.000,-3393.000,0,-0.000,-4.000,00000002,80123658,0101,1,open,-1027.000,-507.000,false,471.000,false,0.000,447.000,0.000,298.000,false,false,false
lethal_slide_kick5,fixture_pose,479,478,018008aa,7,-500.000,-1434.000,-3293.000,-2.000,5.000,00000000,00000000,-1534.000,00000000,0020,0,0.000,80342088,3,0,2,0,00000000,-500.000,-1534.000,-3393.000,0,0.000,0.000,00000080,80123658,0101,0,open,-1027.000,-407.000,false,507.000,false,0.000,100.000,0.000,66.667,false,false,false
lethal_slide_kick5,first_wall_exit_and_retail_interaction,480,479,010208b0,0,-500.000,-1436.000,-3266.000,-4.000,4.650,80195630,00000000,-1534.000,00000000,0020,0,0.000,80342088,3,1,2,0,0000c005,-500.000,-1534.000,-3393.000,0,0.000,0.000,00000080,80123658,0101,0,open,-1027.000,-409.000,false,407.000,false,0.000,127.000,0.000,84.667,false,false,false
lethal_slide_kick5,retail_attack_latch_and_bounce,481,480,010208b0,0,-500.000,-1354.000,-3250.000,26.000,-16.000,00000000,00000000,-1534.000,00000000,0020,0,0.000,80342088,3,2,2,5,0000c003,-500.000,-1534.000,-3393.000,0,0.000,0.000,00000080,80123658,0101,0,open,-1027.000,-327.000,false,409.000,false,0.000,143.000,0.000,95.333,false,false,false
lethal_slide_kick5,retail_lethal_response,482,481,010208b0,0,-500.000,-1328.000,-3234.000,22.000,-16.000,00000000,00000000,-1534.000,00000000,0024,0,0.000,80342088,15,0,1,3,00000000,-500.000,-1488.000,-3393.000,0,46.000,-4.000,00000080,80123658,0101,0,open,-981.000,-347.000,false,373.000,false,0.000,159.000,0.000,106.000,false,false,false
lethal_slide_kick5,arena_landing_no_reboard,513,512,00020462,0,-500.000,-1534.000,-2746.000,-70.000,-16.000,00000000,00000000,-1534.000,00000000,0020,0,0.000,80342088,15,31,1,0,00000000,-500.000,-1534.000,-3393.000,0,-0.000,-4.000,00000002,80123658,0101,1,open,-1027.000,-507.000,false,485.000,false,0.000,647.000,0.000,431.333,false,false,false
