poll,timer,area,bossAction,bossTimer,activeHand,mAction,mActionTimer,mX,mY,mZ,mVelY,mFloor,mFloorObject,mFloorHeight,mPlatform,mInput,mCeil,mCeilObject,mCeilHeight,hand,side,action,actionTimer,posX,posY,posZ,faceYaw,handTopY,preQueryMarioY,verticalGap,within78,postSnapGap,insideClosedTopXZ,sameHandFloor,sameHandPlatform,contactClass,velY,gravity,moveFlags,floorHeight,collision,groundCollision,moveSkipped
448,447,3,3,0,0,0c400201,0,0.000,-1450.000,-3500.000,0.000,80195540,00000000,237.739,00000000,00a0,80194ca0,00000000,768.000,80342088,1,1,4,-500.000,-1534.000,-3393.000,0,-1228.000,-1450.000,222.000,false,222.000,false,false,false,other_floor,0.000,0.000,00000080,-1534.000,801235d4,0,0
449,448,3,3,1,1,00800457,0,-500.000,-1228.000,-3393.000,0.000,801946a0,00000000,-1534.000,00000000,00a0,80194ac0,00000000,-409.000,80342088,1,10,0,-500.000,-1534.000,-3393.000,0,-1228.000,-1450.000,222.000,false,0.000,true,false,false,arena_floor,0.000,0.000,00000080,-1534.000,801235d4,0,0
450,449,3,3,2,1,00800457,0,-500.000,-1228.000,-3393.000,0.000,80195600,80342088,-1228.000,80342088,00a0,80194ac0,00000000,-409.000,80342088,1,11,0,-500.000,-1534.000,-3393.000,0,-1228.000,-1228.000,0.000,true,0.000,true,true,true,same_hand_snap,0.000,0.000,00000080,-1534.000,801235d4,0,0
451,450,3,3,3,1,00800457,0,-500.000,-1228.000,-3393.000,0.000,80195600,80342088,-1228.000,80342088,00a0,80194ac0,00000000,-409.000,80342088,1,11,1,-500.000,-1534.000,-3393.000,0,-1228.000,-1228.000,0.000,true,0.000,true,true,true,same_hand_snap,-0.000,-20.000,00000001,-1534.000,801235d4,1,0
452,451,3,3,4,-1,00800457,0,-500.000,-1228.000,-3393.000,0.000,80195600,80342088,-1228.000,80342088,00a0,80194ac0,00000000,-409.000,80342088,1,11,2,-500.000,-1534.000,-3393.000,0,-1228.000,-1228.000,0.000,true,0.000,true,true,true,same_hand_snap,-0.000,-15.000,00000002,-1534.000,801235d4,1,0
453,452,3,3,5,-1,018008ac,0,-500.000,-1208.000,-3393.000,16.000,80195600,80342088,-1228.000,00000000,00a0,80194ac0,00000000,-409.000,80342088,1,11,3,-500.000,-1534.000,-3393.000,0,-1228.000,-1228.000,0.000,true,-20.000,true,true,false,same_hand_query,-0.000,-15.000,00000002,-1534.000,801235d4,1,0
454,453,3,3,6,1,018008ac,0,-500.000,-1192.000,-3393.000,12.000,80195600,80342088,-1228.000,00000000,00a0,80194ac0,00000000,-409.000,80342088,1,11,4,-500.000,-1534.000,-3393.000,0,-1228.000,-1208.000,-20.000,true,-36.000,true,true,false,same_hand_query,-0.000,-15.000,00000002,-1534.000,801235d4,1,0
455,454,3,3,7,1,04000471,0,-500.000,-1143.000,-3393.000,8.000,80195600,80342088,-1143.000,80342088,00a0,80194ac0,00000000,-409.000,80342088,1,11,5,-500.000,-1449.000,-3393.000,0,-1143.000,-1192.000,49.000,true,0.000,true,true,true,same_hand_snap,85.000,-15.000,00000080,-1534.000,801235d4,0,0
456,455,3,3,8,1,04000471,1,-500.000,-1073.000,-3393.000,0.000,80195600,80342088,-1073.000,80342088,00a0,80194ac0,00000000,-409.000,80342088,1,11,6,-500.000,-1379.000,-3393.000,0,-1073.000,-1143.000,70.000,true,0.000,true,true,true,same_hand_snap,70.000,-15.000,00000080,-1534.000,801235d4,0,0
457,456,3,3,9,1,04000471,2,-500.000,-1018.000,-3393.000,0.000,80195600,80342088,-1018.000,80342088,00a0,80194ac0,00000000,-409.000,80342088,1,11,7,-500.000,-1324.000,-3393.000,0,-1018.000,-1073.000,55.000,true,0.000,true,true,true,same_hand_snap,55.000,-15.000,00000080,-1534.000,801235d4,0,0
458,457,3,3,10,1,04000471,3,-500.000,-978.000,-3393.000,0.000,80195600,80342088,-978.000,80342088,00a0,80194ac0,00000000,-409.000,80342088,1,11,8,-500.000,-1284.000,-3393.000,0,-978.000,-1018.000,40.000,true,0.000,true,true,true,same_hand_snap,40.000,-15.000,00000080,-1534.000,801235d4,0,0
459,458,3,3,11,1,0c000232,0,-500.000,-953.000,-3393.000,0.000,80195600,80342088,-953.000,80342088,00a0,80194ac0,00000000,-409.000,80342088,1,11,9,-500.000,-1259.000,-3393.000,0,-953.000,-978.000,25.000,true,0.000,true,true,true,same_hand_snap,25.000,-15.000,00000080,-1534.000,801235d4,0,0
460,459,3,3,12,1,0c000232,0,-500.000,-943.000,-3393.000,0.000,80195600,80342088,-943.000,80342088,00a0,80194ac0,00000000,-409.000,80342088,1,11,10,-500.000,-1249.000,-3393.000,0,-943.000,-953.000,10.000,true,0.000,true,true,true,same_hand_snap,10.000,-15.000,00000080,-1534.000,801235d4,0,0
461,460,3,3,13,1,0c000232,0,-500.000,-948.000,-3393.000,0.000,80195600,80342088,-948.000,80342088,00a0,80194ac0,00000000,-409.000,80342088,1,11,11,-500.000,-1254.000,-3393.000,0,-948.000,-943.000,-5.000,true,0.000,true,true,true,same_hand_snap,-5.000,-15.000,00000080,-1534.000,801235d4,0,0
462,461,3,3,14,1,0c000232,0,-500.000,-973.000,-3393.000,0.000,80195600,80342088,-973.000,80342088,00a0,80194ac0,00000000,-409.000,80342088,1,11,12,-500.000,-1279.000,-3393.000,0,-973.000,-948.000,-25.000,true,0.000,true,true,true,same_hand_snap,-25.000,-20.000,00000080,-1534.000,801235d4,0,0
463,462,3,3,15,1,0c000232,0,-500.000,-1018.000,-3393.000,0.000,80195600,80342088,-1018.000,80342088,00a0,80194ac0,00000000,-409.000,80342088,1,11,13,-500.000,-1324.000,-3393.000,0,-1018.000,-973.000,-45.000,true,0.000,true,true,true,same_hand_snap,-45.000,-20.000,00000080,-1534.000,801235d4,0,0
